{
  "weight_model": {
    "coef": [
      0.005571665106056689,
      2.8917146260985105e-05
    ],
    "intercept": -0.05093459703352865
  },
  "density_model": {
    "coef": [
      -0.21310792250479096,
      12.200035488116326
    ],
    "intercept": 307.72171161494816
  }
}